Model,gpt-3.5-turbo-0613,SYSTEM,"Please output a list of positive integer pairs only, each integer between 1 and 64. 
Do not give any explanations. 
Output format: [(a,b),(c,d)...].",temperature,0.4,top_p,1,Prompter,TemplatePromptGeneratorAG_WB,Extractor,AG_WBExtractor
Total Message#,Dialog #,Message #,Total Token Cnt,USER,Input Token Cnt,ASSISTANT,Output Token Cnt,Action,Coverage Rate,Coverage Plan
1,1,1,588,"""You will receive a description of bins (i.e. test cases) of a testbench for a hardware device under test (DUT), which is a weight bank.The purpose of this device is to load data (weights) from RAM into a FIFO, then output them diagonally.Then, you are going to generate a list of integer pairs to cover these test cases.
Now, we want to test the weight bank with a list of integer pairs as its input. We want the input to cover the bins (i.e. test cases) that we care about. Here's the description of the bins that we care about:
------
BINS DESCRIPTION
- You provide pairs of integers.
- The output of the DUT is the contents of it's FIFO, which is sent diagonally (i.e. one unit of data is sent from the first row, then from both the first and second, then first, second and third etc.).
- The actual data content of the FIFO is not important. Instead, we are interested in the ""dimensions"" of the output (what is the maximum number of rows accessed simultaneously, and how many units of data are sent from each row).
- The first integer in the integer pairs you send defines how many units of data is loaded on each row, and the second defines how many rows of the FIFO are loaded with valid data.
- For each of the following bins, you need to provide at least one integer pair that satisfies it (i can take a value from 1 to 64, j from 1 to 4):
---
    - out_i - i number of rows were loaded with valid data, hence i is the maximum number of rows accessed simultaneously
    - in_j - j*16 units of data is loaded on each row - due to how the device works, only multiples of 16 can be loaded on each row. If you provide a number that is not divisible by 16, it will be rounded up inside the hardware.
    - combined_features_i_j - i number of rows were loaded with valid data, and j*16 units of data is loaded on each row
---

------
Following the bins description, generate a list of integer pairs which covers the described bins as much as you can.
""",504,"""[(1, 1), (16, 1), (32, 1), (48, 1), (64, 1), (16, 2), (32, 2), (48, 2), (64, 2), (32, 3), (48, 3), (64, 3), (48, 4), (64, 4)]""",84,none,23,"{'out_1': 5, 'combined_features_1_1': 2, 'combined_features_1_2': 1, 'combined_features_1_3': 1, 'combined_features_1_4': 1, 'out_2': 4, 'combined_features_2_1': 1, 'combined_features_2_2': 1, 'combined_features_2_3': 1, 'combined_features_2_4': 1, 'out_3': 3, 'combined_features_3_2': 1, 'combined_features_3_3': 1, 'combined_features_3_4': 1, 'out_4': 2, 'combined_features_4_3': 1, 'combined_features_4_4': 1, 'out_64': 1, 'combined_features_64_1': 1, 'in_1': 4, 'in_2': 3, 'in_3': 4, 'in_4': 4}"
2,1,2,721,"""The values you provided covered some but not all the bins.
Please regenerate a list of integers to cover more bins.""",619,"""[(1, 1), (16, 1), (32, 1), (48, 1), (64, 1), (16, 2), (32, 2), (48, 2), (64, 2), (16, 3), (32, 3), (48, 3), (64, 3), (16, 4), (32, 4), (48, 4), (64, 4)]""",102,none,26,"{'out_1': 10, 'combined_features_1_1': 4, 'combined_features_1_2': 2, 'combined_features_1_3': 2, 'combined_features_1_4': 2, 'out_2': 8, 'combined_features_2_1': 2, 'combined_features_2_2': 2, 'combined_features_2_3': 2, 'combined_features_2_4': 2, 'out_3': 7, 'combined_features_3_1': 1, 'combined_features_3_2': 2, 'combined_features_3_3': 2, 'combined_features_3_4': 2, 'out_4': 6, 'combined_features_4_1': 1, 'combined_features_4_2': 1, 'combined_features_4_3': 2, 'combined_features_4_4': 2, 'out_64': 1, 'combined_features_64_1': 1, 'in_1': 9, 'in_2': 7, 'in_3': 8, 'in_4': 8}"
3,1,3,1070,"""The values you provided covered some but not all the bins.
Please regenerate a list of integers to cover more bins.""",752,"""[(1, 1), (16, 1), (32, 1), (48, 1), (64, 1), (16, 2), (32, 2), (48, 2), (64, 2), (16, 3), (32, 3), (48, 3), (64, 3), (16, 4), (32, 4), (48, 4), (64, 4), (32, 5), (48, 5), (64, 5), (32, 6), (48, 6), (64, 6), (32, 7), (48, 7), (64, 7), (32, 8), (48, 8), (64, 8), (32, 9), (48, 9), (64, 9), (32, 10), (48, 10), (64, 10), (32, 11), (48, 11), (64, 11), (32, 12), (48, 12), (64, 12), (32, 13), (48, 13), (64, 13), (32, 14), (48, 14), (64, 14), (32, 15), (48, 15), (64, 15), (32, 16), (48, 16), (64, 16)]""",318,none,74,"{'out_1': 15, 'combined_features_1_1': 6, 'combined_features_1_2': 3, 'combined_features_1_3': 3, 'combined_features_1_4': 3, 'out_2': 12, 'combined_features_2_1': 3, 'combined_features_2_2': 3, 'combined_features_2_3': 3, 'combined_features_2_4': 3, 'out_3': 11, 'combined_features_3_1': 2, 'combined_features_3_2': 3, 'combined_features_3_3': 3, 'combined_features_3_4': 3, 'out_4': 10, 'combined_features_4_1': 2, 'combined_features_4_2': 2, 'combined_features_4_3': 3, 'combined_features_4_4': 3, 'out_5': 3, 'combined_features_5_2': 1, 'combined_features_5_3': 1, 'combined_features_5_4': 1, 'out_6': 3, 'combined_features_6_2': 1, 'combined_features_6_3': 1, 'combined_features_6_4': 1, 'out_7': 3, 'combined_features_7_2': 1, 'combined_features_7_3': 1, 'combined_features_7_4': 1, 'out_8': 3, 'combined_features_8_2': 1, 'combined_features_8_3': 1, 'combined_features_8_4': 1, 'out_9': 3, 'combined_features_9_2': 1, 'combined_features_9_3': 1, 'combined_features_9_4': 1, 'out_10': 3, 'combined_features_10_2': 1, 'combined_features_10_3': 1, 'combined_features_10_4': 1, 'out_11': 3, 'combined_features_11_2': 1, 'combined_features_11_3': 1, 'combined_features_11_4': 1, 'out_12': 3, 'combined_features_12_2': 1, 'combined_features_12_3': 1, 'combined_features_12_4': 1, 'out_13': 3, 'combined_features_13_2': 1, 'combined_features_13_3': 1, 'combined_features_13_4': 1, 'out_14': 3, 'combined_features_14_2': 1, 'combined_features_14_3': 1, 'combined_features_14_4': 1, 'out_15': 3, 'combined_features_15_2': 1, 'combined_features_15_3': 1, 'combined_features_15_4': 1, 'out_16': 3, 'combined_features_16_2': 1, 'combined_features_16_3': 1, 'combined_features_16_4': 1, 'out_64': 1, 'combined_features_64_1': 1, 'in_1': 14, 'in_2': 23, 'in_3': 24, 'in_4': 24}"
4,1,4,1491,"""The values you provided covered some but not all the bins.
Please regenerate a list of integers to cover more bins.""",1101,"""[(1, 1), (16, 1), (32, 1), (48, 1), (64, 1), (16, 2), (32, 2), (48, 2), (64, 2), (16, 3), (32, 3), (48, 3), (64, 3), (16, 4), (32, 4), (48, 4), (64, 4), (16, 5), (32, 5), (48, 5), (64, 5), (16, 6), (32, 6), (48, 6), (64, 6), (16, 7), (32, 7), (48, 7), (64, 7), (16, 8), (32, 8), (48, 8), (64, 8), (16, 9), (32, 9), (48, 9), (64, 9), (16, 10), (32, 10), (48, 10), (64, 10), (16, 11), (32, 11), (48, 11), (64, 11), (16, 12), (32, 12), (48, 12), (64, 12), (16, 13), (32, 13), (48, 13), (64, 13), (16, 14), (32, 14), (48, 14), (64, 14), (16, 15), (32, 15), (48, 15), (64, 15), (16, 16), (32, 16), (48, 16), (64, 16)]""",390,none,86,"{'out_1': 20, 'combined_features_1_1': 8, 'combined_features_1_2': 4, 'combined_features_1_3': 4, 'combined_features_1_4': 4, 'out_2': 16, 'combined_features_2_1': 4, 'combined_features_2_2': 4, 'combined_features_2_3': 4, 'combined_features_2_4': 4, 'out_3': 15, 'combined_features_3_1': 3, 'combined_features_3_2': 4, 'combined_features_3_3': 4, 'combined_features_3_4': 4, 'out_4': 14, 'combined_features_4_1': 3, 'combined_features_4_2': 3, 'combined_features_4_3': 4, 'combined_features_4_4': 4, 'out_5': 7, 'combined_features_5_1': 1, 'combined_features_5_2': 2, 'combined_features_5_3': 2, 'combined_features_5_4': 2, 'out_6': 7, 'combined_features_6_1': 1, 'combined_features_6_2': 2, 'combined_features_6_3': 2, 'combined_features_6_4': 2, 'out_7': 7, 'combined_features_7_1': 1, 'combined_features_7_2': 2, 'combined_features_7_3': 2, 'combined_features_7_4': 2, 'out_8': 7, 'combined_features_8_1': 1, 'combined_features_8_2': 2, 'combined_features_8_3': 2, 'combined_features_8_4': 2, 'out_9': 7, 'combined_features_9_1': 1, 'combined_features_9_2': 2, 'combined_features_9_3': 2, 'combined_features_9_4': 2, 'out_10': 7, 'combined_features_10_1': 1, 'combined_features_10_2': 2, 'combined_features_10_3': 2, 'combined_features_10_4': 2, 'out_11': 7, 'combined_features_11_1': 1, 'combined_features_11_2': 2, 'combined_features_11_3': 2, 'combined_features_11_4': 2, 'out_12': 7, 'combined_features_12_1': 1, 'combined_features_12_2': 2, 'combined_features_12_3': 2, 'combined_features_12_4': 2, 'out_13': 7, 'combined_features_13_1': 1, 'combined_features_13_2': 2, 'combined_features_13_3': 2, 'combined_features_13_4': 2, 'out_14': 7, 'combined_features_14_1': 1, 'combined_features_14_2': 2, 'combined_features_14_3': 2, 'combined_features_14_4': 2, 'out_15': 7, 'combined_features_15_1': 1, 'combined_features_15_2': 2, 'combined_features_15_3': 2, 'combined_features_15_4': 2, 'out_16': 7, 'combined_features_16_1': 1, 'combined_features_16_2': 2, 'combined_features_16_3': 2, 'combined_features_16_4': 2, 'out_64': 1, 'combined_features_64_1': 1, 'in_1': 31, 'in_2': 39, 'in_3': 40, 'in_4': 40}"
5,1,5,2122,"""The values you provided covered some but not all the bins.
Please regenerate a list of integers to cover more bins.""",1522,"""[(1, 1), (16, 1), (32, 1), (48, 1), (64, 1), (16, 2), (32, 2), (48, 2), (64, 2), (16, 3), (32, 3), (48, 3), (64, 3), (16, 4), (32, 4), (48, 4), (64, 4), (16, 5), (32, 5), (48, 5), (64, 5), (16, 6), (32, 6), (48, 6), (64, 6), (16, 7), (32, 7), (48, 7), (64, 7), (16, 8), (32, 8), (48, 8), (64, 8), (16, 9), (32, 9), (48, 9), (64, 9), (16, 10), (32, 10), (48, 10), (64, 10), (16, 11), (32, 11), (48, 11), (64, 11), (16, 12), (32, 12), (48, 12), (64, 12), (16, 13), (32, 13), (48, 13), (64, 13), (16, 14), (32, 14), (48, 14), (64, 14), (16, 15), (32, 15), (48, 15), (64, 15), (16, 16), (32, 16), (48, 16), (64, 16), (16, 17), (32, 17), (48, 17), (64, 17), (16, 18), (32, 18), (48, 18), (64, 18), (16, 19), (32, 19), (48, 19), (64, 19), (16, 20), (32, 20), (48, 20), (64, 20), (16, 21), (32, 21), (48, 21), (64, 21), (16, 22), (32, 22), (48, 22), (64, 22), (16, 23), (32, 23), (48, 23), (64, 23), (16, 24), (32, 24), (48, 24), (64, 24), (16, 25), (32, 25), (48, 25),""",600,none,130,"{'out_1': 25, 'combined_features_1_1': 10, 'combined_features_1_2': 5, 'combined_features_1_3': 5, 'combined_features_1_4': 5, 'out_2': 20, 'combined_features_2_1': 5, 'combined_features_2_2': 5, 'combined_features_2_3': 5, 'combined_features_2_4': 5, 'out_3': 19, 'combined_features_3_1': 4, 'combined_features_3_2': 5, 'combined_features_3_3': 5, 'combined_features_3_4': 5, 'out_4': 18, 'combined_features_4_1': 4, 'combined_features_4_2': 4, 'combined_features_4_3': 5, 'combined_features_4_4': 5, 'out_5': 11, 'combined_features_5_1': 2, 'combined_features_5_2': 3, 'combined_features_5_3': 3, 'combined_features_5_4': 3, 'out_6': 11, 'combined_features_6_1': 2, 'combined_features_6_2': 3, 'combined_features_6_3': 3, 'combined_features_6_4': 3, 'out_7': 11, 'combined_features_7_1': 2, 'combined_features_7_2': 3, 'combined_features_7_3': 3, 'combined_features_7_4': 3, 'out_8': 11, 'combined_features_8_1': 2, 'combined_features_8_2': 3, 'combined_features_8_3': 3, 'combined_features_8_4': 3, 'out_9': 11, 'combined_features_9_1': 2, 'combined_features_9_2': 3, 'combined_features_9_3': 3, 'combined_features_9_4': 3, 'out_10': 11, 'combined_features_10_1': 2, 'combined_features_10_2': 3, 'combined_features_10_3': 3, 'combined_features_10_4': 3, 'out_11': 11, 'combined_features_11_1': 2, 'combined_features_11_2': 3, 'combined_features_11_3': 3, 'combined_features_11_4': 3, 'out_12': 11, 'combined_features_12_1': 2, 'combined_features_12_2': 3, 'combined_features_12_3': 3, 'combined_features_12_4': 3, 'out_13': 11, 'combined_features_13_1': 2, 'combined_features_13_2': 3, 'combined_features_13_3': 3, 'combined_features_13_4': 3, 'out_14': 11, 'combined_features_14_1': 2, 'combined_features_14_2': 3, 'combined_features_14_3': 3, 'combined_features_14_4': 3, 'out_15': 11, 'combined_features_15_1': 2, 'combined_features_15_2': 3, 'combined_features_15_3': 3, 'combined_features_15_4': 3, 'out_16': 11, 'combined_features_16_1': 2, 'combined_features_16_2': 3, 'combined_features_16_3': 3, 'combined_features_16_4': 3, 'out_17': 4, 'combined_features_17_1': 1, 'combined_features_17_2': 1, 'combined_features_17_3': 1, 'combined_features_17_4': 1, 'out_18': 4, 'combined_features_18_1': 1, 'combined_features_18_2': 1, 'combined_features_18_3': 1, 'combined_features_18_4': 1, 'out_19': 4, 'combined_features_19_1': 1, 'combined_features_19_2': 1, 'combined_features_19_3': 1, 'combined_features_19_4': 1, 'out_20': 4, 'combined_features_20_1': 1, 'combined_features_20_2': 1, 'combined_features_20_3': 1, 'combined_features_20_4': 1, 'out_21': 4, 'combined_features_21_1': 1, 'combined_features_21_2': 1, 'combined_features_21_3': 1, 'combined_features_21_4': 1, 'out_22': 4, 'combined_features_22_1': 1, 'combined_features_22_2': 1, 'combined_features_22_3': 1, 'combined_features_22_4': 1, 'out_23': 4, 'combined_features_23_1': 1, 'combined_features_23_2': 1, 'combined_features_23_3': 1, 'combined_features_23_4': 1, 'out_24': 4, 'combined_features_24_1': 1, 'combined_features_24_2': 1, 'combined_features_24_3': 1, 'combined_features_24_4': 1, 'out_25': 3, 'combined_features_25_1': 1, 'combined_features_25_2': 1, 'combined_features_25_3': 1, 'out_64': 1, 'combined_features_64_1': 1, 'in_1': 57, 'in_2': 64, 'in_3': 65, 'in_4': 64}"
6,1,6,2620,"""The values you provided covered some but not all the bins.
Please regenerate a list of integers to cover more bins.""",2020,"""[(1, 1), (16, 1), (32, 1), (48, 1), (64, 1), (16, 2), (32, 2), (48, 2), (64, 2), (16, 3), (32, 3), (48, 3), (64, 3), (16, 4), (32, 4), (48, 4), (64, 4), (16, 5), (32, 5), (48, 5), (64, 5), (16, 6), (32, 6), (48, 6), (64, 6), (16, 7), (32, 7), (48, 7), (64, 7), (16, 8), (32, 8), (48, 8), (64, 8), (16, 9), (32, 9), (48, 9), (64, 9), (16, 10), (32, 10), (48, 10), (64, 10), (16, 11), (32, 11), (48, 11), (64, 11), (16, 12), (32, 12), (48, 12), (64, 12), (16, 13), (32, 13), (48, 13), (64, 13), (16, 14), (32, 14), (48, 14), (64, 14), (16, 15), (32, 15), (48, 15), (64, 15), (16, 16), (32, 16), (48, 16), (64, 16), (16, 17), (32, 17), (48, 17), (64, 17), (16, 18), (32, 18), (48, 18), (64, 18), (16, 19), (32, 19), (48, 19), (64, 19), (16, 20), (32, 20), (48, 20), (64, 20), (16, 21), (32, 21), (48, 21), (64, 21), (16, 22), (32, 22), (48, 22), (64, 22), (16, 23), (32, 23), (48, 23), (64, 23), (16, 24), (32, 24), (48, 24), (64, 24), (16, 25), (32, 25), (48, 25),""",600,none,130,"{'out_1': 30, 'combined_features_1_1': 12, 'combined_features_1_2': 6, 'combined_features_1_3': 6, 'combined_features_1_4': 6, 'out_2': 24, 'combined_features_2_1': 6, 'combined_features_2_2': 6, 'combined_features_2_3': 6, 'combined_features_2_4': 6, 'out_3': 23, 'combined_features_3_1': 5, 'combined_features_3_2': 6, 'combined_features_3_3': 6, 'combined_features_3_4': 6, 'out_4': 22, 'combined_features_4_1': 5, 'combined_features_4_2': 5, 'combined_features_4_3': 6, 'combined_features_4_4': 6, 'out_5': 15, 'combined_features_5_1': 3, 'combined_features_5_2': 4, 'combined_features_5_3': 4, 'combined_features_5_4': 4, 'out_6': 15, 'combined_features_6_1': 3, 'combined_features_6_2': 4, 'combined_features_6_3': 4, 'combined_features_6_4': 4, 'out_7': 15, 'combined_features_7_1': 3, 'combined_features_7_2': 4, 'combined_features_7_3': 4, 'combined_features_7_4': 4, 'out_8': 15, 'combined_features_8_1': 3, 'combined_features_8_2': 4, 'combined_features_8_3': 4, 'combined_features_8_4': 4, 'out_9': 15, 'combined_features_9_1': 3, 'combined_features_9_2': 4, 'combined_features_9_3': 4, 'combined_features_9_4': 4, 'out_10': 15, 'combined_features_10_1': 3, 'combined_features_10_2': 4, 'combined_features_10_3': 4, 'combined_features_10_4': 4, 'out_11': 15, 'combined_features_11_1': 3, 'combined_features_11_2': 4, 'combined_features_11_3': 4, 'combined_features_11_4': 4, 'out_12': 15, 'combined_features_12_1': 3, 'combined_features_12_2': 4, 'combined_features_12_3': 4, 'combined_features_12_4': 4, 'out_13': 15, 'combined_features_13_1': 3, 'combined_features_13_2': 4, 'combined_features_13_3': 4, 'combined_features_13_4': 4, 'out_14': 15, 'combined_features_14_1': 3, 'combined_features_14_2': 4, 'combined_features_14_3': 4, 'combined_features_14_4': 4, 'out_15': 15, 'combined_features_15_1': 3, 'combined_features_15_2': 4, 'combined_features_15_3': 4, 'combined_features_15_4': 4, 'out_16': 15, 'combined_features_16_1': 3, 'combined_features_16_2': 4, 'combined_features_16_3': 4, 'combined_features_16_4': 4, 'out_17': 8, 'combined_features_17_1': 2, 'combined_features_17_2': 2, 'combined_features_17_3': 2, 'combined_features_17_4': 2, 'out_18': 8, 'combined_features_18_1': 2, 'combined_features_18_2': 2, 'combined_features_18_3': 2, 'combined_features_18_4': 2, 'out_19': 8, 'combined_features_19_1': 2, 'combined_features_19_2': 2, 'combined_features_19_3': 2, 'combined_features_19_4': 2, 'out_20': 8, 'combined_features_20_1': 2, 'combined_features_20_2': 2, 'combined_features_20_3': 2, 'combined_features_20_4': 2, 'out_21': 8, 'combined_features_21_1': 2, 'combined_features_21_2': 2, 'combined_features_21_3': 2, 'combined_features_21_4': 2, 'out_22': 8, 'combined_features_22_1': 2, 'combined_features_22_2': 2, 'combined_features_22_3': 2, 'combined_features_22_4': 2, 'out_23': 8, 'combined_features_23_1': 2, 'combined_features_23_2': 2, 'combined_features_23_3': 2, 'combined_features_23_4': 2, 'out_24': 8, 'combined_features_24_1': 2, 'combined_features_24_2': 2, 'combined_features_24_3': 2, 'combined_features_24_4': 2, 'out_25': 6, 'combined_features_25_1': 2, 'combined_features_25_2': 2, 'combined_features_25_3': 2, 'out_64': 1, 'combined_features_64_1': 1, 'in_1': 83, 'in_2': 89, 'in_3': 90, 'in_4': 88}"
7,1,7,2337,"""The new values you just provided didn't cover any new bins.
Please regenerate a list of integers to cover the bins you haven't covered.""",1737,"""[(1, 1), (16, 1), (32, 1), (48, 1), (64, 1), (16, 2), (32, 2), (48, 2), (64, 2), (16, 3), (32, 3), (48, 3), (64, 3), (16, 4), (32, 4), (48, 4), (64, 4), (16, 5), (32, 5), (48, 5), (64, 5), (16, 6), (32, 6), (48, 6), (64, 6), (16, 7), (32, 7), (48, 7), (64, 7), (16, 8), (32, 8), (48, 8), (64, 8), (16, 9), (32, 9), (48, 9), (64, 9), (16, 10), (32, 10), (48, 10), (64, 10), (16, 11), (32, 11), (48, 11), (64, 11), (16, 12), (32, 12), (48, 12), (64, 12), (16, 13), (32, 13), (48, 13), (64, 13), (16, 14), (32, 14), (48, 14), (64, 14), (16, 15), (32, 15), (48, 15), (64, 15), (16, 16), (32, 16), (48, 16), (64, 16), (16, 17), (32, 17), (48, 17), (64, 17), (16, 18), (32, 18), (48, 18), (64, 18), (16, 19), (32, 19), (48, 19), (64, 19), (16, 20), (32, 20), (48, 20), (64, 20), (16, 21), (32, 21), (48, 21), (64, 21), (16, 22), (32, 22), (48, 22), (64, 22), (16, 23), (32, 23), (48, 23), (64, 23), (16, 24), (32, 24), (48, 24), (64, 24), (16, 25), (32, 25), (48, 25),""",600,none,130,"{'out_1': 35, 'combined_features_1_1': 14, 'combined_features_1_2': 7, 'combined_features_1_3': 7, 'combined_features_1_4': 7, 'out_2': 28, 'combined_features_2_1': 7, 'combined_features_2_2': 7, 'combined_features_2_3': 7, 'combined_features_2_4': 7, 'out_3': 27, 'combined_features_3_1': 6, 'combined_features_3_2': 7, 'combined_features_3_3': 7, 'combined_features_3_4': 7, 'out_4': 26, 'combined_features_4_1': 6, 'combined_features_4_2': 6, 'combined_features_4_3': 7, 'combined_features_4_4': 7, 'out_5': 19, 'combined_features_5_1': 4, 'combined_features_5_2': 5, 'combined_features_5_3': 5, 'combined_features_5_4': 5, 'out_6': 19, 'combined_features_6_1': 4, 'combined_features_6_2': 5, 'combined_features_6_3': 5, 'combined_features_6_4': 5, 'out_7': 19, 'combined_features_7_1': 4, 'combined_features_7_2': 5, 'combined_features_7_3': 5, 'combined_features_7_4': 5, 'out_8': 19, 'combined_features_8_1': 4, 'combined_features_8_2': 5, 'combined_features_8_3': 5, 'combined_features_8_4': 5, 'out_9': 19, 'combined_features_9_1': 4, 'combined_features_9_2': 5, 'combined_features_9_3': 5, 'combined_features_9_4': 5, 'out_10': 19, 'combined_features_10_1': 4, 'combined_features_10_2': 5, 'combined_features_10_3': 5, 'combined_features_10_4': 5, 'out_11': 19, 'combined_features_11_1': 4, 'combined_features_11_2': 5, 'combined_features_11_3': 5, 'combined_features_11_4': 5, 'out_12': 19, 'combined_features_12_1': 4, 'combined_features_12_2': 5, 'combined_features_12_3': 5, 'combined_features_12_4': 5, 'out_13': 19, 'combined_features_13_1': 4, 'combined_features_13_2': 5, 'combined_features_13_3': 5, 'combined_features_13_4': 5, 'out_14': 19, 'combined_features_14_1': 4, 'combined_features_14_2': 5, 'combined_features_14_3': 5, 'combined_features_14_4': 5, 'out_15': 19, 'combined_features_15_1': 4, 'combined_features_15_2': 5, 'combined_features_15_3': 5, 'combined_features_15_4': 5, 'out_16': 19, 'combined_features_16_1': 4, 'combined_features_16_2': 5, 'combined_features_16_3': 5, 'combined_features_16_4': 5, 'out_17': 12, 'combined_features_17_1': 3, 'combined_features_17_2': 3, 'combined_features_17_3': 3, 'combined_features_17_4': 3, 'out_18': 12, 'combined_features_18_1': 3, 'combined_features_18_2': 3, 'combined_features_18_3': 3, 'combined_features_18_4': 3, 'out_19': 12, 'combined_features_19_1': 3, 'combined_features_19_2': 3, 'combined_features_19_3': 3, 'combined_features_19_4': 3, 'out_20': 12, 'combined_features_20_1': 3, 'combined_features_20_2': 3, 'combined_features_20_3': 3, 'combined_features_20_4': 3, 'out_21': 12, 'combined_features_21_1': 3, 'combined_features_21_2': 3, 'combined_features_21_3': 3, 'combined_features_21_4': 3, 'out_22': 12, 'combined_features_22_1': 3, 'combined_features_22_2': 3, 'combined_features_22_3': 3, 'combined_features_22_4': 3, 'out_23': 12, 'combined_features_23_1': 3, 'combined_features_23_2': 3, 'combined_features_23_3': 3, 'combined_features_23_4': 3, 'out_24': 12, 'combined_features_24_1': 3, 'combined_features_24_2': 3, 'combined_features_24_3': 3, 'combined_features_24_4': 3, 'out_25': 9, 'combined_features_25_1': 3, 'combined_features_25_2': 3, 'combined_features_25_3': 3, 'out_64': 1, 'combined_features_64_1': 1, 'in_1': 109, 'in_2': 114, 'in_3': 115, 'in_4': 112}"
8,1,8,2840,"""The new values you just provided didn't cover any new bins.
Please regenerate a list of integers to cover the bins you haven't covered.""",2240,"""[(1, 1), (16, 1), (32, 1), (48, 1), (64, 1), (16, 2), (32, 2), (48, 2), (64, 2), (16, 3), (32, 3), (48, 3), (64, 3), (16, 4), (32, 4), (48, 4), (64, 4), (16, 5), (32, 5), (48, 5), (64, 5), (16, 6), (32, 6), (48, 6), (64, 6), (16, 7), (32, 7), (48, 7), (64, 7), (16, 8), (32, 8), (48, 8), (64, 8), (16, 9), (32, 9), (48, 9), (64, 9), (16, 10), (32, 10), (48, 10), (64, 10), (16, 11), (32, 11), (48, 11), (64, 11), (16, 12), (32, 12), (48, 12), (64, 12), (16, 13), (32, 13), (48, 13), (64, 13), (16, 14), (32, 14), (48, 14), (64, 14), (16, 15), (32, 15), (48, 15), (64, 15), (16, 16), (32, 16), (48, 16), (64, 16), (16, 17), (32, 17), (48, 17), (64, 17), (16, 18), (32, 18), (48, 18), (64, 18), (16, 19), (32, 19), (48, 19), (64, 19), (16, 20), (32, 20), (48, 20), (64, 20), (16, 21), (32, 21), (48, 21), (64, 21), (16, 22), (32, 22), (48, 22), (64, 22), (16, 23), (32, 23), (48, 23), (64, 23), (16, 24), (32, 24), (48, 24), (64, 24), (16, 25), (32, 25), (48, 25),""",600,none,130,"{'out_1': 40, 'combined_features_1_1': 16, 'combined_features_1_2': 8, 'combined_features_1_3': 8, 'combined_features_1_4': 8, 'out_2': 32, 'combined_features_2_1': 8, 'combined_features_2_2': 8, 'combined_features_2_3': 8, 'combined_features_2_4': 8, 'out_3': 31, 'combined_features_3_1': 7, 'combined_features_3_2': 8, 'combined_features_3_3': 8, 'combined_features_3_4': 8, 'out_4': 30, 'combined_features_4_1': 7, 'combined_features_4_2': 7, 'combined_features_4_3': 8, 'combined_features_4_4': 8, 'out_5': 23, 'combined_features_5_1': 5, 'combined_features_5_2': 6, 'combined_features_5_3': 6, 'combined_features_5_4': 6, 'out_6': 23, 'combined_features_6_1': 5, 'combined_features_6_2': 6, 'combined_features_6_3': 6, 'combined_features_6_4': 6, 'out_7': 23, 'combined_features_7_1': 5, 'combined_features_7_2': 6, 'combined_features_7_3': 6, 'combined_features_7_4': 6, 'out_8': 23, 'combined_features_8_1': 5, 'combined_features_8_2': 6, 'combined_features_8_3': 6, 'combined_features_8_4': 6, 'out_9': 23, 'combined_features_9_1': 5, 'combined_features_9_2': 6, 'combined_features_9_3': 6, 'combined_features_9_4': 6, 'out_10': 23, 'combined_features_10_1': 5, 'combined_features_10_2': 6, 'combined_features_10_3': 6, 'combined_features_10_4': 6, 'out_11': 23, 'combined_features_11_1': 5, 'combined_features_11_2': 6, 'combined_features_11_3': 6, 'combined_features_11_4': 6, 'out_12': 23, 'combined_features_12_1': 5, 'combined_features_12_2': 6, 'combined_features_12_3': 6, 'combined_features_12_4': 6, 'out_13': 23, 'combined_features_13_1': 5, 'combined_features_13_2': 6, 'combined_features_13_3': 6, 'combined_features_13_4': 6, 'out_14': 23, 'combined_features_14_1': 5, 'combined_features_14_2': 6, 'combined_features_14_3': 6, 'combined_features_14_4': 6, 'out_15': 23, 'combined_features_15_1': 5, 'combined_features_15_2': 6, 'combined_features_15_3': 6, 'combined_features_15_4': 6, 'out_16': 23, 'combined_features_16_1': 5, 'combined_features_16_2': 6, 'combined_features_16_3': 6, 'combined_features_16_4': 6, 'out_17': 16, 'combined_features_17_1': 4, 'combined_features_17_2': 4, 'combined_features_17_3': 4, 'combined_features_17_4': 4, 'out_18': 16, 'combined_features_18_1': 4, 'combined_features_18_2': 4, 'combined_features_18_3': 4, 'combined_features_18_4': 4, 'out_19': 16, 'combined_features_19_1': 4, 'combined_features_19_2': 4, 'combined_features_19_3': 4, 'combined_features_19_4': 4, 'out_20': 16, 'combined_features_20_1': 4, 'combined_features_20_2': 4, 'combined_features_20_3': 4, 'combined_features_20_4': 4, 'out_21': 16, 'combined_features_21_1': 4, 'combined_features_21_2': 4, 'combined_features_21_3': 4, 'combined_features_21_4': 4, 'out_22': 16, 'combined_features_22_1': 4, 'combined_features_22_2': 4, 'combined_features_22_3': 4, 'combined_features_22_4': 4, 'out_23': 16, 'combined_features_23_1': 4, 'combined_features_23_2': 4, 'combined_features_23_3': 4, 'combined_features_23_4': 4, 'out_24': 16, 'combined_features_24_1': 4, 'combined_features_24_2': 4, 'combined_features_24_3': 4, 'combined_features_24_4': 4, 'out_25': 12, 'combined_features_25_1': 4, 'combined_features_25_2': 4, 'combined_features_25_3': 4, 'out_64': 1, 'combined_features_64_1': 1, 'in_1': 135, 'in_2': 139, 'in_3': 140, 'in_4': 136}"
