Model,openai/gpt-3.5-turbo-16k,SYSTEM,"Please provide a list of lists, in the format: [[int, int, int], [int, int, int], ...]In each sublist of three integers:The first integer should be between 1 and 1000.The second integer should be between 0 and 1.The third integer should be between 0 and 1.Example: [[30, 1, 0], [10, 0, 0]]Do NOT provide any comments, extra remarks, context - only provide a list",temperature,0.4,top_p,1,Prompter,TemplatePromptGeneratorAF,Extractor,UniversalExtractor
Total Message#,Dialog #,Message #,Total Token Cnt,USER,Input Token Cnt,ASSISTANT,Output Token Cnt,Action,Coverage Rate,Coverage Plan
1,1,1,2492,"""You will receive code of a DUT and a testbench for it, as well as a description of bins (i.e. test cases). 
----------
I have a device under test (DUT). Here's the SystemVerilog code of the DUT:
------
DUT CODE
// distributed under the mit license
// https://opensource.org/licenses/mit-license.php

`timescale 1 ns / 1 ps
`default_nettype none

module async_fifo

    #(
        parameter DSIZE = 8,
        parameter ASIZE = 4,
        parameter FALLTHROUGH = ""TRUE"" // First word fall-through without latency
    )(
        input  wire             wclk,
        input  wire             wrst_n,
        input  wire             winc,
        input  wire [DSIZE-1:0] wdata,
        output wire             wfull,
        output wire             awfull,
        input  wire             rclk,
        input  wire             rrst_n,
        input  wire             rinc,
        output wire [DSIZE-1:0] rdata,
        output wire             rempty,
        output wire             arempty
    );

    wire [ASIZE-1:0] waddr, raddr;
    wire [ASIZE  :0] wptr, rptr, wq2_rptr, rq2_wptr;

    // The module synchronizing the read point
    // from read to write domain
    sync_r2w
    #(ASIZE)
    sync_r2w (
    .wq2_rptr (wq2_rptr),
    .rptr     (rptr),
    .wclk     (wclk),
    .wrst_n   (wrst_n)
    );

    // The module synchronizing the write point
    // from write to read domain
    sync_w2r
    #(ASIZE)
    sync_w2r (
    .rq2_wptr (rq2_wptr),
    .wptr     (wptr),
    .rclk     (rclk),
    .rrst_n   (rrst_n)
    );

    // The module handling the write requests
    wptr_full
    #(ASIZE)
    wptr_full (
    .awfull   (awfull),
    .wfull    (wfull),
    .waddr    (waddr),
    .wptr     (wptr),
    .wq2_rptr (wq2_rptr),
    .winc     (winc),
    .wclk     (wclk),
    .wrst_n   (wrst_n)
    );

    // The DC-RAM
    fifomem
    #(DSIZE, ASIZE, FALLTHROUGH)
    fifomem (
    .rclken (rinc),
    .rclk   (rclk),
    .rdata  (rdata),
    .wdata  (wdata),
    .waddr  (waddr),
    .raddr  (raddr),
    .wclken (winc),
    .wfull  (wfull),
    .wclk   (wclk)
    );

    // The module handling read requests
    rptr_empty
    #(ASIZE)
    rptr_empty (
    .arempty  (arempty),
    .rempty   (rempty),
    .raddr    (raddr),
    .rptr     (rptr),
    .rq2_wptr (rq2_wptr),
    .rinc     (rinc),
    .rclk     (rclk),
    .rrst_n   (rrst_n)
    );

`ifdef FORMAL
    integer rptr_prev;
    logic rempty_prev;
    logic rrst_n_prev;

    logic [3:0] cycle_count_r;
    logic [3:0] cycle_count_w;

    initial begin 
        assume(~rrst_n)
        assume(~wrst_n)
        cycle_count_r <= 0;
        cycle_count_w <= 0;
    end

    always @(posedge rclk) begin
        if (cycle_count_r < 10)
            cycle_count_r <= cycle_count_r + 1;
    end
    always @(posedge wclk) begin
        if (cycle_count_w < 10)
            cycle_count_w <= cycle_count_w + 1;
    end

    
    assume property ( @(posedge rclk or posedge wclk) ((cycle_count_r < 5 || cycle_count_w < 5)  |-> (~rrst_n && ~wrst_n)));
    assume property ( @(posedge rclk or posedge wclk) ((cycle_count_r > 4 && cycle_count_w > 4) |-> (rrst_n && wrst_n)));

    // read side
    always @(posedge rclk) begin
        if (rrst_n) begin
            rptr_prev <= rptr;
            rempty_prev <= rempty;
            rrst_n_prev <= rrst_n;

            empty: cover (rempty & ~(rempty_prev));
            full_read_wrap: cover (rptr == 0 & ~(rptr_prev == 1 | rptr_prev == 0 | ~(rrst_n_prev)));
            gray_read_wrap: cover (rptr[-1] != rptr_prev[-1]);
            underflow: cover (rinc & rempty);
            read_while_write: cover (rinc & winc);
        end
    end

    integer wptr_prev;
    logic wfull_prev;
    logic wrst_n_prev;

    // write side
    always @(posedge wclk) begin
        if(wrst_n) begin
            wptr_prev <= wptr;
            wfull_prev <= wfull;
            wrst_n_prev <= wrst_n;

            full: cover (wfull & ~(wfull_prev));
            full_write_wrap: cover (wptr == 0 & ~(wptr_prev == 1 | wptr_prev == 0 | ~(wrst_n_prev)));
            gray_write_wrap: cover (wptr[-1] != wptr_prev[-1]);
            overflow: cover (winc & wfull);
            write_while_read: cover (rinc & winc);
        end
    end
`endif
endmodule

`resetall

------
Now, we want to test the DUT with a list of commands as its input. We want the input to cover the bins (i.e. test cases) that we care about. Here's the description of the bins that we care about:
------
BINS DESCRIPTION
- You provide a list of lists, in the format: [int, int, int]. The internal lists will be interpreted as sequential instructions for a DUT.
- The DUT is an asynchronous fifo used for clock domain crossings. The pointers are in gray code, and the MSB of the pointers indicate a ""wrap"", used to determine whether the FIFO is empty or full.
- The read clock has a period of 13ns, the write clock has a period of 10ns.
- The three integers in each command will be interpreted as follows:
    - First integer: how long to ""hold"" the current command in nanoseconds. The value should be between 1 and 1000.
    - Second integer: if it is 1, read operations occur. The value should be 0 or 1.
    - Third integer: if it is 1, write operations occur. The value should be 0 or 1.
- You need to cover each of the following bins with your commands:
---
    - full_read_wrap: the read pointer wraps to 0.
    - gray_read_wrap: the MSB of the read pointer toggles.
    - underflow: a read operation is requested while the FIFO is empty
    - empty: the FIFO is empty
    - read_while_write: on read clock edge a read operation is performed, while a write operation is being requested as well
    - full_write_wrap: the write pointer wraps to 0.
    - gray_write_wrap: the MSB of the write pointer toggles.
    - overflow: a write operation is requested while the FIFO is full
    - full: the FIFO is full
    - write_while_read: on write clock edge a write operation is performed, while a read operation is being requested as well
---
------

----------
Following the bins description, and refer to the programs, generate a list of integer pairs which covers the described bins as much as you can.
""",1892,"""[[1, 0, 1], [1, 1, 0], [1, 1, 1], [1, 0, 0], [1, 0, 1], [1, 1, 0], [1, 1, 1], [1, 0, 0], [1, 0, 1], [1, 1, 0], [1, 1, 1], [1, 0, 0], [1, 0, 1], [1, 1, 0], [1, 1, 1], [1, 0, 0], [1, 0, 1], [1, 1, 0], [1, 1, 1], [1, 0, 0], [1, 0, 1], [1, 1, 0], [1, 1, 1], [1, 0, 0], [1, 0, 1], [1, 1, 0], [1, 1, 1], [1, 0, 0], [1, 0, 1], [1, 1, 0], [1, 1, 1], [1, 0, 0], [1, 0, 1], [1, 1, 0], [1, 1, 1], [1, 0, 0], [1, 0, 1], [1, 1, 0], [1, 1, 1], [1, 0, 0], [1, 0, 1], [1, 1, 0], [1, 1, 1], [1, 0, 0], [1, 0, 1], [1, 1, 0], [1, 1, 1], [1, 0, 0], [1, 0, 1], [1, 1, 0], [1, 1, 1], [1, 0, 0], [1, 0, 1], [1, 1, 0], [1, 1, 1], [1, 0, 0], [1, 0, 1], [1, 1, 0], [1, 1, 1], [1, 0, 0], [1, 0, 1], [1, 1, 0], [1, 1, 1], [1, 0, 0], [1, 0, 1], [1, 1, 0], [1, 1,""",600,none,3,"{'underflow': 1, 'read_while_write': 2, 'write_while_read': 3}"
2,1,2,3234,"""The values you provided failed to cover all the bins.
You will see the result coverage of your previous response(s), and then generate another list of integer pairs to cover the unreached bins (i.e. test cases)
Here are some of the unreached bins:
------
UNREACHED BINS
the read pointer wraps to 0.
the MSB of the read pointer toggles.
the write pointer wraps to 0.
the MSB of the write pointer toggles.
a write operation is requested while the FIFO is full.
the FIFO is full.
the FIFO is empty.
------
Please regenerate commands for the still unreached bins according to the BINS DESCRIPTION.""",2634,"""[[1, 1, 0], [1, 0, 1], [1, 0, 0], [1, 0, 1], [1, 1, 0], [1, 1, 1], [1, 0, 0], [1, 0, 1], [1, 1, 0], [1, 1, 1], [1, 0, 0], [1, 0, 1], [1, 1, 0], [1, 1, 1], [1, 0, 0], [1, 0, 1], [1, 1, 0], [1, 1, 1], [1, 0, 0], [1, 0, 1], [1, 1, 0], [1, 1, 1], [1, 0, 0], [1, 0, 1], [1, 1, 0], [1, 1, 1], [1, 0, 0], [1, 0, 1], [1, 1, 0], [1, 1, 1], [1, 0, 0], [1, 0, 1], [1, 1, 0], [1, 1, 1], [1, 0, 0], [1, 0, 1], [1, 1, 0], [1, 1, 1], [1, 0, 0], [1, 0, 1], [1, 1, 0], [1, 1, 1], [1, 0, 0], [1, 0, 1], [1, 1, 0], [1, 1, 1], [1, 0, 0], [1, 0, 1], [1, 1, 0], [1, 1, 1], [1, 0, 0], [1, 0, 1], [1, 1, 0], [1, 1, 1], [1, 0, 0], [1, 0, 1], [1, 1, 0], [1, 1, 1], [1, 0, 0], [1, 0, 1], [1, 1, 0], [1, 1, 1], [1, 0, 0], [1, 0, 1], [1, 1, 0], [1, 1, 1], [1, 0,""",600,none,3,"{'underflow': 1, 'read_while_write': 3, 'write_while_read': 6}"
3,1,3,3994,"""The new values you just provided didn't cover any new bins. You need to try to cover as much of the described bins as you can.
You will see the result coverage of your previous response(s), and then generate another list of commands to cover the unreached bins (i.e. test cases)
Here are some of  the unreached bins:
------
UNREACHED BINS
the read pointer wraps to 0.
the MSB of the read pointer toggles.
the write pointer wraps to 0.
the MSB of the write pointer toggles.
a write operation is requested while the FIFO is full.
the FIFO is full.
the FIFO is empty.
------
Please regenerate commands for the still unreached bins according to the BINS DESCRIPTION.""",3394,"""[[1, 1, 0], [1, 0, 1], [1, 0, 0], [1, 0, 1], [1, 1, 0], [1, 1, 1], [1, 0, 0], [1, 0, 1], [1, 1, 0], [1, 1, 1], [1, 0, 0], [1, 0, 1], [1, 1, 0], [1, 1, 1], [1, 0, 0], [1, 0, 1], [1, 1, 0], [1, 1, 1], [1, 0, 0], [1, 0, 1], [1, 1, 0], [1, 1, 1], [1, 0, 0], [1, 0, 1], [1, 1, 0], [1, 1, 1], [1, 0, 0], [1, 0, 1], [1, 1, 0], [1, 1, 1], [1, 0, 0], [1, 0, 1], [1, 1, 0], [1, 1, 1], [1, 0, 0], [1, 0, 1], [1, 1, 0], [1, 1, 1], [1, 0, 0], [1, 0, 1], [1, 1, 0], [1, 1, 1], [1, 0, 0], [1, 0, 1], [1, 1, 0], [1, 1, 1], [1, 0, 0], [1, 0, 1], [1, 1, 0], [1, 1, 1], [1, 0, 0], [1, 0, 1], [1, 1, 0], [1, 1, 1], [1, 0, 0], [1, 0, 1], [1, 1, 0], [1, 1, 1], [1, 0, 0], [1, 0, 1], [1, 1, 0], [1, 1, 1], [1, 0, 0], [1, 0, 1], [1, 1, 0], [1, 1, 1], [1, 0,""",600,none,3,"{'underflow': 1, 'read_while_write': 4, 'write_while_read': 6}"
4,1,4,4754,"""The new values you just provided didn't cover any new bins. You need to try to cover as much of the described bins as you can.
You will see the result coverage of your previous response(s), and then generate another list of commands to cover the unreached bins (i.e. test cases)
Here are some of  the unreached bins:
------
UNREACHED BINS
the read pointer wraps to 0.
the MSB of the read pointer toggles.
the write pointer wraps to 0.
the MSB of the write pointer toggles.
a write operation is requested while the FIFO is full.
the FIFO is full.
the FIFO is empty.
------
Please regenerate commands for the still unreached bins according to the BINS DESCRIPTION.""",4154,"""[[1, 1, 0], [1, 0, 1], [1, 0, 0], [1, 0, 1], [1, 1, 0], [1, 1, 1], [1, 0, 0], [1, 0, 1], [1, 1, 0], [1, 1, 1], [1, 0, 0], [1, 0, 1], [1, 1, 0], [1, 1, 1], [1, 0, 0], [1, 0, 1], [1, 1, 0], [1, 1, 1], [1, 0, 0], [1, 0, 1], [1, 1, 0], [1, 1, 1], [1, 0, 0], [1, 0, 1], [1, 1, 0], [1, 1, 1], [1, 0, 0], [1, 0, 1], [1, 1, 0], [1, 1, 1], [1, 0, 0], [1, 0, 1], [1, 1, 0], [1, 1, 1], [1, 0, 0], [1, 0, 1], [1, 1, 0], [1, 1, 1], [1, 0, 0], [1, 0, 1], [1, 1, 0], [1, 1, 1], [1, 0, 0], [1, 0, 1], [1, 1, 0], [1, 1, 1], [1, 0, 0], [1, 0, 1], [1, 1, 0], [1, 1, 1], [1, 0, 0], [1, 0, 1], [1, 1, 0], [1, 1, 1], [1, 0, 0], [1, 0, 1], [1, 1, 0], [1, 1, 1], [1, 0, 0], [1, 0, 1], [1, 1, 0], [1, 1, 1], [1, 0, 0], [1, 0, 1], [1, 1, 0], [1, 1, 1], [1, 0,""",600,none,4,"{'gray_write_wrap': 1, 'underflow': 1, 'read_while_write': 5, 'write_while_read': 9}"
5,1,5,5486,"""The values you provided failed to cover all the bins.
You will see the result coverage of your previous response(s), and then generate another list of integer pairs to cover the unreached bins (i.e. test cases)
Here are some of the unreached bins:
------
UNREACHED BINS
the read pointer wraps to 0.
the MSB of the read pointer toggles.
the write pointer wraps to 0.
a write operation is requested while the FIFO is full.
the FIFO is full.
the FIFO is empty.
------
Please regenerate commands for the still unreached bins according to the BINS DESCRIPTION.""",4886,"""[[1, 1, 0], [1, 0, 1], [1, 0, 0], [1, 0, 1], [1, 1, 0], [1, 1, 1], [1, 0, 0], [1, 0, 1], [1, 1, 0], [1, 1, 1], [1, 0, 0], [1, 0, 1], [1, 1, 0], [1, 1, 1], [1, 0, 0], [1, 0, 1], [1, 1, 0], [1, 1, 1], [1, 0, 0], [1, 0, 1], [1, 1, 0], [1, 1, 1], [1, 0, 0], [1, 0, 1], [1, 1, 0], [1, 1, 1], [1, 0, 0], [1, 0, 1], [1, 1, 0], [1, 1, 1], [1, 0, 0], [1, 0, 1], [1, 1, 0], [1, 1, 1], [1, 0, 0], [1, 0, 1], [1, 1, 0], [1, 1, 1], [1, 0, 0], [1, 0, 1], [1, 1, 0], [1, 1, 1], [1, 0, 0], [1, 0, 1], [1, 1, 0], [1, 1, 1], [1, 0, 0], [1, 0, 1], [1, 1, 0], [1, 1, 1], [1, 0, 0], [1, 0, 1], [1, 1, 0], [1, 1, 1], [1, 0, 0], [1, 0, 1], [1, 1, 0], [1, 1, 1], [1, 0, 0], [1, 0, 1], [1, 1, 0], [1, 1, 1], [1, 0, 0], [1, 0, 1], [1, 1, 0], [1, 1, 1], [1, 0,""",600,none,4,"{'gray_write_wrap': 1, 'underflow': 1, 'read_while_write': 6, 'write_while_read': 9}"
6,1,6,5476,"""The new values you just provided didn't cover any new bins. You need to try to cover as much of the described bins as you can.
You will see the result coverage of your previous response(s), and then generate another list of commands to cover the unreached bins (i.e. test cases)
Here are some of  the unreached bins:
------
UNREACHED BINS
the read pointer wraps to 0.
the MSB of the read pointer toggles.
the write pointer wraps to 0.
a write operation is requested while the FIFO is full.
the FIFO is full.
the FIFO is empty.
------
Please regenerate commands for the still unreached bins according to the BINS DESCRIPTION.""",4876,"""[[1, 1, 0], [1, 0, 1], [1, 0, 0], [1, 0, 1], [1, 1, 0], [1, 1, 1], [1, 0, 0], [1, 0, 1], [1, 1, 0], [1, 1, 1], [1, 0, 0], [1, 0, 1], [1, 1, 0], [1, 1, 1], [1, 0, 0], [1, 0, 1], [1, 1, 0], [1, 1, 1], [1, 0, 0], [1, 0, 1], [1, 1, 0], [1, 1, 1], [1, 0, 0], [1, 0, 1], [1, 1, 0], [1, 1, 1], [1, 0, 0], [1, 0, 1], [1, 1, 0], [1, 1, 1], [1, 0, 0], [1, 0, 1], [1, 1, 0], [1, 1, 1], [1, 0, 0], [1, 0, 1], [1, 1, 0], [1, 1, 1], [1, 0, 0], [1, 0, 1], [1, 1, 0], [1, 1, 1], [1, 0, 0], [1, 0, 1], [1, 1, 0], [1, 1, 1], [1, 0, 0], [1, 0, 1], [1, 1, 0], [1, 1, 1], [1, 0, 0], [1, 0, 1], [1, 1, 0], [1, 1, 1], [1, 0, 0], [1, 0, 1], [1, 1, 0], [1, 1, 1], [1, 0, 0], [1, 0, 1], [1, 1, 0], [1, 1, 1], [1, 0, 0], [1, 0, 1], [1, 1, 0], [1, 1, 1], [1, 0,""",600,none,4,"{'gray_write_wrap': 1, 'underflow': 1, 'read_while_write': 8, 'write_while_read': 13}"
7,1,7,5476,"""The new values you just provided didn't cover any new bins. You need to try to cover as much of the described bins as you can.
You will see the result coverage of your previous response(s), and then generate another list of commands to cover the unreached bins (i.e. test cases)
Here are some of  the unreached bins:
------
UNREACHED BINS
the read pointer wraps to 0.
the MSB of the read pointer toggles.
the write pointer wraps to 0.
a write operation is requested while the FIFO is full.
the FIFO is full.
the FIFO is empty.
------
Please regenerate commands for the still unreached bins according to the BINS DESCRIPTION.""",4876,"""[[1, 1, 0], [1, 0, 1], [1, 0, 0], [1, 0, 1], [1, 1, 0], [1, 1, 1], [1, 0, 0], [1, 0, 1], [1, 1, 0], [1, 1, 1], [1, 0, 0], [1, 0, 1], [1, 1, 0], [1, 1, 1], [1, 0, 0], [1, 0, 1], [1, 1, 0], [1, 1, 1], [1, 0, 0], [1, 0, 1], [1, 1, 0], [1, 1, 1], [1, 0, 0], [1, 0, 1], [1, 1, 0], [1, 1, 1], [1, 0, 0], [1, 0, 1], [1, 1, 0], [1, 1, 1], [1, 0, 0], [1, 0, 1], [1, 1, 0], [1, 1, 1], [1, 0, 0], [1, 0, 1], [1, 1, 0], [1, 1, 1], [1, 0, 0], [1, 0, 1], [1, 1, 0], [1, 1, 1], [1, 0, 0], [1, 0, 1], [1, 1, 0], [1, 1, 1], [1, 0, 0], [1, 0, 1], [1, 1, 0], [1, 1, 1], [1, 0, 0], [1, 0, 1], [1, 1, 0], [1, 1, 1], [1, 0, 0], [1, 0, 1], [1, 1, 0], [1, 1, 1], [1, 0, 0], [1, 0, 1], [1, 1, 0], [1, 1, 1], [1, 0, 0], [1, 0, 1], [1, 1, 0], [1, 1, 1], [1, 0,""",600,reset,5,"{'gray_read_wrap': 1, 'gray_write_wrap': 1, 'underflow': 1, 'read_while_write': 9, 'write_while_read': 13}"
8,2,1,2492,"""You will receive code of a DUT and a testbench for it, as well as a description of bins (i.e. test cases). 
----------
I have a device under test (DUT). Here's the SystemVerilog code of the DUT:
------
DUT CODE
// distributed under the mit license
// https://opensource.org/licenses/mit-license.php

`timescale 1 ns / 1 ps
`default_nettype none

module async_fifo

    #(
        parameter DSIZE = 8,
        parameter ASIZE = 4,
        parameter FALLTHROUGH = ""TRUE"" // First word fall-through without latency
    )(
        input  wire             wclk,
        input  wire             wrst_n,
        input  wire             winc,
        input  wire [DSIZE-1:0] wdata,
        output wire             wfull,
        output wire             awfull,
        input  wire             rclk,
        input  wire             rrst_n,
        input  wire             rinc,
        output wire [DSIZE-1:0] rdata,
        output wire             rempty,
        output wire             arempty
    );

    wire [ASIZE-1:0] waddr, raddr;
    wire [ASIZE  :0] wptr, rptr, wq2_rptr, rq2_wptr;

    // The module synchronizing the read point
    // from read to write domain
    sync_r2w
    #(ASIZE)
    sync_r2w (
    .wq2_rptr (wq2_rptr),
    .rptr     (rptr),
    .wclk     (wclk),
    .wrst_n   (wrst_n)
    );

    // The module synchronizing the write point
    // from write to read domain
    sync_w2r
    #(ASIZE)
    sync_w2r (
    .rq2_wptr (rq2_wptr),
    .wptr     (wptr),
    .rclk     (rclk),
    .rrst_n   (rrst_n)
    );

    // The module handling the write requests
    wptr_full
    #(ASIZE)
    wptr_full (
    .awfull   (awfull),
    .wfull    (wfull),
    .waddr    (waddr),
    .wptr     (wptr),
    .wq2_rptr (wq2_rptr),
    .winc     (winc),
    .wclk     (wclk),
    .wrst_n   (wrst_n)
    );

    // The DC-RAM
    fifomem
    #(DSIZE, ASIZE, FALLTHROUGH)
    fifomem (
    .rclken (rinc),
    .rclk   (rclk),
    .rdata  (rdata),
    .wdata  (wdata),
    .waddr  (waddr),
    .raddr  (raddr),
    .wclken (winc),
    .wfull  (wfull),
    .wclk   (wclk)
    );

    // The module handling read requests
    rptr_empty
    #(ASIZE)
    rptr_empty (
    .arempty  (arempty),
    .rempty   (rempty),
    .raddr    (raddr),
    .rptr     (rptr),
    .rq2_wptr (rq2_wptr),
    .rinc     (rinc),
    .rclk     (rclk),
    .rrst_n   (rrst_n)
    );

`ifdef FORMAL
    integer rptr_prev;
    logic rempty_prev;
    logic rrst_n_prev;

    logic [3:0] cycle_count_r;
    logic [3:0] cycle_count_w;

    initial begin 
        assume(~rrst_n)
        assume(~wrst_n)
        cycle_count_r <= 0;
        cycle_count_w <= 0;
    end

    always @(posedge rclk) begin
        if (cycle_count_r < 10)
            cycle_count_r <= cycle_count_r + 1;
    end
    always @(posedge wclk) begin
        if (cycle_count_w < 10)
            cycle_count_w <= cycle_count_w + 1;
    end

    
    assume property ( @(posedge rclk or posedge wclk) ((cycle_count_r < 5 || cycle_count_w < 5)  |-> (~rrst_n && ~wrst_n)));
    assume property ( @(posedge rclk or posedge wclk) ((cycle_count_r > 4 && cycle_count_w > 4) |-> (rrst_n && wrst_n)));

    // read side
    always @(posedge rclk) begin
        if (rrst_n) begin
            rptr_prev <= rptr;
            rempty_prev <= rempty;
            rrst_n_prev <= rrst_n;

            empty: cover (rempty & ~(rempty_prev));
            full_read_wrap: cover (rptr == 0 & ~(rptr_prev == 1 | rptr_prev == 0 | ~(rrst_n_prev)));
            gray_read_wrap: cover (rptr[-1] != rptr_prev[-1]);
            underflow: cover (rinc & rempty);
            read_while_write: cover (rinc & winc);
        end
    end

    integer wptr_prev;
    logic wfull_prev;
    logic wrst_n_prev;

    // write side
    always @(posedge wclk) begin
        if(wrst_n) begin
            wptr_prev <= wptr;
            wfull_prev <= wfull;
            wrst_n_prev <= wrst_n;

            full: cover (wfull & ~(wfull_prev));
            full_write_wrap: cover (wptr == 0 & ~(wptr_prev == 1 | wptr_prev == 0 | ~(wrst_n_prev)));
            gray_write_wrap: cover (wptr[-1] != wptr_prev[-1]);
            overflow: cover (winc & wfull);
            write_while_read: cover (rinc & winc);
        end
    end
`endif
endmodule

`resetall

------
Now, we want to test the DUT with a list of commands as its input. We want the input to cover the bins (i.e. test cases) that we care about. Here's the description of the bins that we care about:
------
BINS DESCRIPTION
- You provide a list of lists, in the format: [int, int, int]. The internal lists will be interpreted as sequential instructions for a DUT.
- The DUT is an asynchronous fifo used for clock domain crossings. The pointers are in gray code, and the MSB of the pointers indicate a ""wrap"", used to determine whether the FIFO is empty or full.
- The read clock has a period of 13ns, the write clock has a period of 10ns.
- The three integers in each command will be interpreted as follows:
    - First integer: how long to ""hold"" the current command in nanoseconds. The value should be between 1 and 1000.
    - Second integer: if it is 1, read operations occur. The value should be 0 or 1.
    - Third integer: if it is 1, write operations occur. The value should be 0 or 1.
- You need to cover each of the following bins with your commands:
---
    - full_read_wrap: the read pointer wraps to 0.
    - gray_read_wrap: the MSB of the read pointer toggles.
    - underflow: a read operation is requested while the FIFO is empty
    - empty: the FIFO is empty
    - read_while_write: on read clock edge a read operation is performed, while a write operation is being requested as well
    - full_write_wrap: the write pointer wraps to 0.
    - gray_write_wrap: the MSB of the write pointer toggles.
    - overflow: a write operation is requested while the FIFO is full
    - full: the FIFO is full
    - write_while_read: on write clock edge a write operation is performed, while a read operation is being requested as well
---
------

----------
Following the bins description, and refer to the programs, generate a list of integer pairs which covers the described bins as much as you can.
""",1892,"""[[10, 0, 1], [10, 1, 0], [10, 0, 1], [10, 1, 0], [10, 0, 1], [10, 1, 0], [10, 0, 1], [10, 1, 0], [10, 0, 1], [10, 1, 0], [10, 0, 1], [10, 1, 0], [10, 0, 1], [10, 1, 0], [10, 0, 1], [10, 1, 0], [10, 0, 1], [10, 1, 0], [10, 0, 1], [10, 1, 0], [10, 0, 1], [10, 1, 0], [10, 0, 1], [10, 1, 0], [10, 0, 1], [10, 1, 0], [10, 0, 1], [10, 1, 0], [10, 0, 1], [10, 1, 0], [10, 0, 1], [10, 1, 0], [10, 0, 1], [10, 1, 0], [10, 0, 1], [10, 1, 0], [10, 0, 1], [10, 1, 0], [10, 0, 1], [10, 1, 0], [10, 0, 1], [10, 1, 0], [10, 0, 1], [10, 1, 0], [10, 0, 1], [10, 1, 0], [10, 0, 1], [10, 1, 0], [10, 0, 1], [10, 1, 0], [10, 0, 1], [10, 1, 0], [10, 0, 1], [10, 1, 0], [10, 0, 1], [10, 1, 0], [10, 0, 1], [10, 1, 0], [10, 0, 1], [10, 1, 0], [10, 0, 1], [10, 1, 0], [10, 0, 1], [10, 1, 0], [10, 0, 1], [10, 1, 0], [10, 0,""",600,none,9,"{'full_read_wrap': 1, 'gray_read_wrap': 2, 'full_write_wrap': 1, 'gray_write_wrap': 3, 'underflow': 1, 'overflow': 4, 'full': 5, 'read_while_write': 9, 'write_while_read': 13}"
9,2,2,3182,"""The values you provided failed to cover all the bins.
You will see the result coverage of your previous response(s), and then generate another list of integer pairs to cover the unreached bins (i.e. test cases)
Here are some of the unreached bins:
------
UNREACHED BINS
the FIFO is empty.
------
Please regenerate commands for the still unreached bins according to the BINS DESCRIPTION.""",2582,"""[[10, 1, 0], [10, 0, 1], [10, 1, 0], [10, 0, 1], [10, 1, 0], [10, 0, 1], [10, 1, 0], [10, 0, 1], [10, 1, 0], [10, 0, 1], [10, 1, 0], [10, 0, 1], [10, 1, 0], [10, 0, 1], [10, 1, 0], [10, 0, 1], [10, 1, 0], [10, 0, 1], [10, 1, 0], [10, 0, 1], [10, 1, 0], [10, 0, 1], [10, 1, 0], [10, 0, 1], [10, 1, 0], [10, 0, 1], [10, 1, 0], [10, 0, 1], [10, 1, 0], [10, 0, 1], [10, 1, 0], [10, 0, 1], [10, 1, 0], [10, 0, 1], [10, 1, 0], [10, 0, 1], [10, 1, 0], [10, 0, 1], [10, 1, 0], [10, 0, 1], [10, 1, 0], [10, 0, 1], [10, 1, 0], [10, 0, 1], [10, 1, 0], [10, 0, 1], [10, 1, 0], [10, 0, 1], [10, 1, 0], [10, 0, 1], [10, 1, 0], [10, 0, 1], [10, 1, 0], [10, 0, 1], [10, 1, 0], [10, 0, 1], [10, 1, 0], [10, 0, 1], [10, 1, 0], [10, 0, 1], [10, 1, 0], [10, 0, 1], [10, 1, 0], [10, 0, 1], [10, 1, 0], [10, 0, 1], [10, 1,""",600,none,9,"{'full_read_wrap': 2, 'gray_read_wrap': 4, 'full_write_wrap': 2, 'gray_write_wrap': 5, 'underflow': 1, 'overflow': 10, 'full': 11, 'read_while_write': 9, 'write_while_read': 13}"
10,2,3,3890,"""The new values you just provided didn't cover any new bins. You need to try to cover as much of the described bins as you can.
You will see the result coverage of your previous response(s), and then generate another list of commands to cover the unreached bins (i.e. test cases)
Here are some of  the unreached bins:
------
UNREACHED BINS
the FIFO is empty.
------
Please regenerate commands for the still unreached bins according to the BINS DESCRIPTION.""",3290,"""[[10, 1, 0], [10, 0, 1], [10, 1, 0], [10, 0, 1], [10, 1, 0], [10, 0, 1], [10, 1, 0], [10, 0, 1], [10, 1, 0], [10, 0, 1], [10, 1, 0], [10, 0, 1], [10, 1, 0], [10, 0, 1], [10, 1, 0], [10, 0, 1], [10, 1, 0], [10, 0, 1], [10, 1, 0], [10, 0, 1], [10, 1, 0], [10, 0, 1], [10, 1, 0], [10, 0, 1], [10, 1, 0], [10, 0, 1], [10, 1, 0], [10, 0, 1], [10, 1, 0], [10, 0, 1], [10, 1, 0], [10, 0, 1], [10, 1, 0], [10, 0, 1], [10, 1, 0], [10, 0, 1], [10, 1, 0], [10, 0, 1], [10, 1, 0], [10, 0, 1], [10, 1, 0], [10, 0, 1], [10, 1, 0], [10, 0, 1], [10, 1, 0], [10, 0, 1], [10, 1, 0], [10, 0, 1], [10, 1, 0], [10, 0, 1], [10, 1, 0], [10, 0, 1], [10, 1, 0], [10, 0, 1], [10, 1, 0], [10, 0, 1], [10, 1, 0], [10, 0, 1], [10, 1, 0], [10, 0, 1], [10, 1, 0], [10, 0, 1], [10, 1, 0], [10, 0, 1], [10, 1, 0], [10, 0, 1], [10, 1,""",600,none,9,"{'full_read_wrap': 2, 'gray_read_wrap': 5, 'full_write_wrap': 3, 'gray_write_wrap': 6, 'underflow': 1, 'overflow': 17, 'full': 19, 'read_while_write': 9, 'write_while_read': 13}"
11,2,4,4598,"""The new values you just provided didn't cover any new bins. You need to try to cover as much of the described bins as you can.
You will see the result coverage of your previous response(s), and then generate another list of commands to cover the unreached bins (i.e. test cases)
Here are some of  the unreached bins:
------
UNREACHED BINS
the FIFO is empty.
------
Please regenerate commands for the still unreached bins according to the BINS DESCRIPTION.""",3998,"""[[10, 1, 0], [10, 0, 1], [10, 1, 0], [10, 0, 1], [10, 1, 0], [10, 0, 1], [10, 1, 0], [10, 0, 1], [10, 1, 0], [10, 0, 1], [10, 1, 0], [10, 0, 1], [10, 1, 0], [10, 0, 1], [10, 1, 0], [10, 0, 1], [10, 1, 0], [10, 0, 1], [10, 1, 0], [10, 0, 1], [10, 1, 0], [10, 0, 1], [10, 1, 0], [10, 0, 1], [10, 1, 0], [10, 0, 1], [10, 1, 0], [10, 0, 1], [10, 1, 0], [10, 0, 1], [10, 1, 0], [10, 0, 1], [10, 1, 0], [10, 0, 1], [10, 1, 0], [10, 0, 1], [10, 1, 0], [10, 0, 1], [10, 1, 0], [10, 0, 1], [10, 1, 0], [10, 0, 1], [10, 1, 0], [10, 0, 1], [10, 1, 0], [10, 0, 1], [10, 1, 0], [10, 0, 1], [10, 1, 0], [10, 0, 1], [10, 1, 0], [10, 0, 1], [10, 1, 0], [10, 0, 1], [10, 1, 0], [10, 0, 1], [10, 1, 0], [10, 0, 1], [10, 1, 0], [10, 0, 1], [10, 1, 0], [10, 0, 1], [10, 1, 0], [10, 0, 1], [10, 1, 0], [10, 0, 1], [10, 1,""",600,none,9,"{'full_read_wrap': 3, 'gray_read_wrap': 7, 'full_write_wrap': 4, 'gray_write_wrap': 8, 'underflow': 1, 'overflow': 26, 'full': 27, 'read_while_write': 9, 'write_while_read': 13}"
12,2,5,5306,"""The new values you just provided didn't cover any new bins. You need to try to cover as much of the described bins as you can.
You will see the result coverage of your previous response(s), and then generate another list of commands to cover the unreached bins (i.e. test cases)
Here are some of  the unreached bins:
------
UNREACHED BINS
the FIFO is empty.
------
Please regenerate commands for the still unreached bins according to the BINS DESCRIPTION.""",4706,"""[[10, 1, 0], [10, 0, 1], [10, 1, 0], [10, 0, 1], [10, 1, 0], [10, 0, 1], [10, 1, 0], [10, 0, 1], [10, 1, 0], [10, 0, 1], [10, 1, 0], [10, 0, 1], [10, 1, 0], [10, 0, 1], [10, 1, 0], [10, 0, 1], [10, 1, 0], [10, 0, 1], [10, 1, 0], [10, 0, 1], [10, 1, 0], [10, 0, 1], [10, 1, 0], [10, 0, 1], [10, 1, 0], [10, 0, 1], [10, 1, 0], [10, 0, 1], [10, 1, 0], [10, 0, 1], [10, 1, 0], [10, 0, 1], [10, 1, 0], [10, 0, 1], [10, 1, 0], [10, 0, 1], [10, 1, 0], [10, 0, 1], [10, 1, 0], [10, 0, 1], [10, 1, 0], [10, 0, 1], [10, 1, 0], [10, 0, 1], [10, 1, 0], [10, 0, 1], [10, 1, 0], [10, 0, 1], [10, 1, 0], [10, 0, 1], [10, 1, 0], [10, 0, 1], [10, 1, 0], [10, 0, 1], [10, 1, 0], [10, 0, 1], [10, 1, 0], [10, 0, 1], [10, 1, 0], [10, 0, 1], [10, 1, 0], [10, 0, 1], [10, 1, 0], [10, 0, 1], [10, 1, 0], [10, 0, 1], [10, 1,""",600,none,9,"{'full_read_wrap': 4, 'gray_read_wrap': 9, 'full_write_wrap': 5, 'gray_write_wrap': 10, 'underflow': 1, 'overflow': 34, 'full': 36, 'read_while_write': 9, 'write_while_read': 13}"
13,2,6,5376,"""The new values you just provided didn't cover any new bins. You need to try to cover as much of the described bins as you can.
You will see the result coverage of your previous response(s), and then generate another list of commands to cover the unreached bins (i.e. test cases)
Here are some of  the unreached bins:
------
UNREACHED BINS
the FIFO is empty.
------
Please regenerate commands for the still unreached bins according to the BINS DESCRIPTION.""",4776,"""[[10, 1, 0], [10, 0, 1], [10, 1, 0], [10, 0, 1], [10, 1, 0], [10, 0, 1], [10, 1, 0], [10, 0, 1], [10, 1, 0], [10, 0, 1], [10, 1, 0], [10, 0, 1], [10, 1, 0], [10, 0, 1], [10, 1, 0], [10, 0, 1], [10, 1, 0], [10, 0, 1], [10, 1, 0], [10, 0, 1], [10, 1, 0], [10, 0, 1], [10, 1, 0], [10, 0, 1], [10, 1, 0], [10, 0, 1], [10, 1, 0], [10, 0, 1], [10, 1, 0], [10, 0, 1], [10, 1, 0], [10, 0, 1], [10, 1, 0], [10, 0, 1], [10, 1, 0], [10, 0, 1], [10, 1, 0], [10, 0, 1], [10, 1, 0], [10, 0, 1], [10, 1, 0], [10, 0, 1], [10, 1, 0], [10, 0, 1], [10, 1, 0], [10, 0, 1], [10, 1, 0], [10, 0, 1], [10, 1, 0], [10, 0, 1], [10, 1, 0], [10, 0, 1], [10, 1, 0], [10, 0, 1], [10, 1, 0], [10, 0, 1], [10, 1, 0], [10, 0, 1], [10, 1, 0], [10, 0, 1], [10, 1, 0], [10, 0, 1], [10, 1, 0], [10, 0, 1], [10, 1, 0], [10, 0, 1], [10, 1,""",600,none,9,"{'full_read_wrap': 5, 'gray_read_wrap': 10, 'full_write_wrap': 5, 'gray_write_wrap': 11, 'underflow': 1, 'overflow': 45, 'full': 46, 'read_while_write': 9, 'write_while_read': 13}"
14,2,7,5418,"""The new values you just provided didn't cover any new bins. You need to try to cover as much of the described bins as you can.
You will see the result coverage of your previous response(s), and then generate another list of commands to cover the unreached bins (i.e. test cases)
Here are some of  the unreached bins:
------
UNREACHED BINS
the FIFO is empty.
------
Please regenerate commands for the still unreached bins according to the BINS DESCRIPTION.""",4818,"""[[10, 1, 0], [10, 0, 1], [10, 1, 0], [10, 0, 1], [10, 1, 0], [10, 0, 1], [10, 1, 0], [10, 0, 1], [10, 1, 0], [10, 0, 1], [10, 1, 0], [10, 0, 1], [10, 1, 0], [10, 0, 1], [10, 1, 0], [10, 0, 1], [10, 1, 0], [10, 0, 1], [10, 1, 0], [10, 0, 1], [10, 1, 0], [10, 0, 1], [10, 1, 0], [10, 0, 1], [10, 1, 0], [10, 0, 1], [10, 1, 0], [10, 0, 1], [10, 1, 0], [10, 0, 1], [10, 1, 0], [10, 0, 1], [10, 1, 0], [10, 0, 1], [10, 1, 0], [10, 0, 1], [10, 1, 0], [10, 0, 1], [10, 1, 0], [10, 0, 1], [10, 1, 0], [10, 0, 1], [10, 1, 0], [10, 0, 1], [10, 1, 0], [10, 0, 1], [10, 1, 0], [10, 0, 1], [10, 1, 0], [10, 0, 1], [10, 1, 0], [10, 0, 1], [10, 1, 0], [10, 0, 1], [10, 1, 0], [10, 0, 1], [10, 1, 0], [10, 0, 1], [10, 1, 0], [10, 0, 1], [10, 1, 0], [10, 0, 1], [10, 1, 0], [10, 0, 1], [10, 1, 0], [10, 0, 1], [10, 1,""",600,reset,9,"{'full_read_wrap': 6, 'gray_read_wrap': 12, 'full_write_wrap': 6, 'gray_write_wrap': 13, 'underflow': 1, 'overflow': 54, 'full': 56, 'read_while_write': 9, 'write_while_read': 13}"
15,3,1,2492,"""You will receive code of a DUT and a testbench for it, as well as a description of bins (i.e. test cases). 
----------
I have a device under test (DUT). Here's the SystemVerilog code of the DUT:
------
DUT CODE
// distributed under the mit license
// https://opensource.org/licenses/mit-license.php

`timescale 1 ns / 1 ps
`default_nettype none

module async_fifo

    #(
        parameter DSIZE = 8,
        parameter ASIZE = 4,
        parameter FALLTHROUGH = ""TRUE"" // First word fall-through without latency
    )(
        input  wire             wclk,
        input  wire             wrst_n,
        input  wire             winc,
        input  wire [DSIZE-1:0] wdata,
        output wire             wfull,
        output wire             awfull,
        input  wire             rclk,
        input  wire             rrst_n,
        input  wire             rinc,
        output wire [DSIZE-1:0] rdata,
        output wire             rempty,
        output wire             arempty
    );

    wire [ASIZE-1:0] waddr, raddr;
    wire [ASIZE  :0] wptr, rptr, wq2_rptr, rq2_wptr;

    // The module synchronizing the read point
    // from read to write domain
    sync_r2w
    #(ASIZE)
    sync_r2w (
    .wq2_rptr (wq2_rptr),
    .rptr     (rptr),
    .wclk     (wclk),
    .wrst_n   (wrst_n)
    );

    // The module synchronizing the write point
    // from write to read domain
    sync_w2r
    #(ASIZE)
    sync_w2r (
    .rq2_wptr (rq2_wptr),
    .wptr     (wptr),
    .rclk     (rclk),
    .rrst_n   (rrst_n)
    );

    // The module handling the write requests
    wptr_full
    #(ASIZE)
    wptr_full (
    .awfull   (awfull),
    .wfull    (wfull),
    .waddr    (waddr),
    .wptr     (wptr),
    .wq2_rptr (wq2_rptr),
    .winc     (winc),
    .wclk     (wclk),
    .wrst_n   (wrst_n)
    );

    // The DC-RAM
    fifomem
    #(DSIZE, ASIZE, FALLTHROUGH)
    fifomem (
    .rclken (rinc),
    .rclk   (rclk),
    .rdata  (rdata),
    .wdata  (wdata),
    .waddr  (waddr),
    .raddr  (raddr),
    .wclken (winc),
    .wfull  (wfull),
    .wclk   (wclk)
    );

    // The module handling read requests
    rptr_empty
    #(ASIZE)
    rptr_empty (
    .arempty  (arempty),
    .rempty   (rempty),
    .raddr    (raddr),
    .rptr     (rptr),
    .rq2_wptr (rq2_wptr),
    .rinc     (rinc),
    .rclk     (rclk),
    .rrst_n   (rrst_n)
    );

`ifdef FORMAL
    integer rptr_prev;
    logic rempty_prev;
    logic rrst_n_prev;

    logic [3:0] cycle_count_r;
    logic [3:0] cycle_count_w;

    initial begin 
        assume(~rrst_n)
        assume(~wrst_n)
        cycle_count_r <= 0;
        cycle_count_w <= 0;
    end

    always @(posedge rclk) begin
        if (cycle_count_r < 10)
            cycle_count_r <= cycle_count_r + 1;
    end
    always @(posedge wclk) begin
        if (cycle_count_w < 10)
            cycle_count_w <= cycle_count_w + 1;
    end

    
    assume property ( @(posedge rclk or posedge wclk) ((cycle_count_r < 5 || cycle_count_w < 5)  |-> (~rrst_n && ~wrst_n)));
    assume property ( @(posedge rclk or posedge wclk) ((cycle_count_r > 4 && cycle_count_w > 4) |-> (rrst_n && wrst_n)));

    // read side
    always @(posedge rclk) begin
        if (rrst_n) begin
            rptr_prev <= rptr;
            rempty_prev <= rempty;
            rrst_n_prev <= rrst_n;

            empty: cover (rempty & ~(rempty_prev));
            full_read_wrap: cover (rptr == 0 & ~(rptr_prev == 1 | rptr_prev == 0 | ~(rrst_n_prev)));
            gray_read_wrap: cover (rptr[-1] != rptr_prev[-1]);
            underflow: cover (rinc & rempty);
            read_while_write: cover (rinc & winc);
        end
    end

    integer wptr_prev;
    logic wfull_prev;
    logic wrst_n_prev;

    // write side
    always @(posedge wclk) begin
        if(wrst_n) begin
            wptr_prev <= wptr;
            wfull_prev <= wfull;
            wrst_n_prev <= wrst_n;

            full: cover (wfull & ~(wfull_prev));
            full_write_wrap: cover (wptr == 0 & ~(wptr_prev == 1 | wptr_prev == 0 | ~(wrst_n_prev)));
            gray_write_wrap: cover (wptr[-1] != wptr_prev[-1]);
            overflow: cover (winc & wfull);
            write_while_read: cover (rinc & winc);
        end
    end
`endif
endmodule

`resetall

------
Now, we want to test the DUT with a list of commands as its input. We want the input to cover the bins (i.e. test cases) that we care about. Here's the description of the bins that we care about:
------
BINS DESCRIPTION
- You provide a list of lists, in the format: [int, int, int]. The internal lists will be interpreted as sequential instructions for a DUT.
- The DUT is an asynchronous fifo used for clock domain crossings. The pointers are in gray code, and the MSB of the pointers indicate a ""wrap"", used to determine whether the FIFO is empty or full.
- The read clock has a period of 13ns, the write clock has a period of 10ns.
- The three integers in each command will be interpreted as follows:
    - First integer: how long to ""hold"" the current command in nanoseconds. The value should be between 1 and 1000.
    - Second integer: if it is 1, read operations occur. The value should be 0 or 1.
    - Third integer: if it is 1, write operations occur. The value should be 0 or 1.
- You need to cover each of the following bins with your commands:
---
    - full_read_wrap: the read pointer wraps to 0.
    - gray_read_wrap: the MSB of the read pointer toggles.
    - underflow: a read operation is requested while the FIFO is empty
    - empty: the FIFO is empty
    - read_while_write: on read clock edge a read operation is performed, while a write operation is being requested as well
    - full_write_wrap: the write pointer wraps to 0.
    - gray_write_wrap: the MSB of the write pointer toggles.
    - overflow: a write operation is requested while the FIFO is full
    - full: the FIFO is full
    - write_while_read: on write clock edge a write operation is performed, while a read operation is being requested as well
---
------

----------
Following the bins description, and refer to the programs, generate a list of integer pairs which covers the described bins as much as you can.
""",1892,"""[[100, 0, 1], [100, 1, 0], [100, 0, 1], [100, 1, 0], [100, 0, 1], [100, 1, 0], [100, 0, 1], [100, 1, 0], [100, 0, 1], [100, 1, 0], [100, 0, 1], [100, 1, 0], [100, 0, 1], [100, 1, 0], [100, 0, 1], [100, 1, 0], [100, 0, 1], [100, 1, 0], [100, 0, 1], [100, 1, 0], [100, 0, 1], [100, 1, 0], [100, 0, 1], [100, 1, 0], [100, 0, 1], [100, 1, 0], [100, 0, 1], [100, 1, 0], [100, 0, 1], [100, 1, 0], [100, 0, 1], [100, 1, 0], [100, 0, 1], [100, 1, 0], [100, 0, 1], [100, 1, 0], [100, 0, 1], [100, 1, 0], [100, 0, 1], [100, 1, 0], [100, 0, 1], [100, 1, 0], [100, 0, 1], [100, 1, 0], [100, 0, 1], [100, 1, 0], [100, 0, 1], [100, 1, 0], [100, 0, 1], [100, 1, 0], [100, 0, 1], [100, 1, 0], [100, 0, 1], [100, 1, 0], [100, 0, 1], [100, 1, 0], [100, 0, 1], [100, 1, 0], [100, 0, 1], [100, 1, 0], [100, 0, 1], [100, 1, 0], [100, 0, 1], [100, 1, 0], [100, 0, 1], [100, 1, 0], [100, 0,""",600,none,9,"{'full_read_wrap': 14, 'gray_read_wrap': 28, 'full_write_wrap': 14, 'gray_write_wrap': 28, 'underflow': 1, 'overflow': 104, 'full': 90, 'read_while_write': 9, 'write_while_read': 13}"
16,3,2,3182,"""The values you provided failed to cover all the bins.
You will see the result coverage of your previous response(s), and then generate another list of integer pairs to cover the unreached bins (i.e. test cases)
Here are some of the unreached bins:
------
UNREACHED BINS
the FIFO is empty.
------
Please regenerate commands for the still unreached bins according to the BINS DESCRIPTION.""",2582,"""[[100, 1, 0], [100, 0, 1], [100, 1, 0], [100, 0, 1], [100, 1, 0], [100, 0, 1], [100, 1, 0], [100, 0, 1], [100, 1, 0], [100, 0, 1], [100, 1, 0], [100, 0, 1], [100, 1, 0], [100, 0, 1], [100, 1, 0], [100, 0, 1], [100, 1, 0], [100, 0, 1], [100, 1, 0], [100, 0, 1], [100, 1, 0], [100, 0, 1], [100, 1, 0], [100, 0, 1], [100, 1, 0], [100, 0, 1], [100, 1, 0], [100, 0, 1], [100, 1, 0], [100, 0, 1], [100, 1, 0], [100, 0, 1], [100, 1, 0], [100, 0, 1], [100, 1, 0], [100, 0, 1], [100, 1, 0], [100, 0, 1], [100, 1, 0], [100, 0, 1], [100, 1, 0], [100, 0, 1], [100, 1, 0], [100, 0, 1], [100, 1, 0], [100, 0, 1], [100, 1, 0], [100, 0, 1], [100, 1, 0], [100, 0, 1], [100, 1, 0], [100, 0, 1], [100, 1, 0], [100, 0, 1], [100, 1, 0], [100, 0, 1], [100, 1, 0], [100, 0, 1], [100, 1, 0], [100, 0, 1], [100, 1, 0], [100, 0, 1], [100, 1, 0], [100, 0, 1], [100, 1, 0], [100, 0, 1], [100, 1,""",600,none,9,"{'full_read_wrap': 22, 'gray_read_wrap': 44, 'full_write_wrap': 22, 'gray_write_wrap': 45, 'underflow': 1, 'overflow': 142, 'full': 121, 'read_while_write': 9, 'write_while_read': 13}"
17,3,3,3890,"""The new values you just provided didn't cover any new bins. You need to try to cover as much of the described bins as you can.
You will see the result coverage of your previous response(s), and then generate another list of commands to cover the unreached bins (i.e. test cases)
Here are some of  the unreached bins:
------
UNREACHED BINS
the FIFO is empty.
------
Please regenerate commands for the still unreached bins according to the BINS DESCRIPTION.""",3290,"""[[100, 1, 0], [100, 0, 1], [100, 1, 0], [100, 0, 1], [100, 1, 0], [100, 0, 1], [100, 1, 0], [100, 0, 1], [100, 1, 0], [100, 0, 1], [100, 1, 0], [100, 0, 1], [100, 1, 0], [100, 0, 1], [100, 1, 0], [100, 0, 1], [100, 1, 0], [100, 0, 1], [100, 1, 0], [100, 0, 1], [100, 1, 0], [100, 0, 1], [100, 1, 0], [100, 0, 1], [100, 1, 0], [100, 0, 1], [100, 1, 0], [100, 0, 1], [100, 1, 0], [100, 0, 1], [100, 1, 0], [100, 0, 1], [100, 1, 0], [100, 0, 1], [100, 1, 0], [100, 0, 1], [100, 1, 0], [100, 0, 1], [100, 1, 0], [100, 0, 1], [100, 1, 0], [100, 0, 1], [100, 1, 0], [100, 0, 1], [100, 1, 0], [100, 0, 1], [100, 1, 0], [100, 0, 1], [100, 1, 0], [100, 0, 1], [100, 1, 0], [100, 0, 1], [100, 1, 0], [100, 0, 1], [100, 1, 0], [100, 0, 1], [100, 1, 0], [100, 0, 1], [100, 1, 0], [100, 0, 1], [100, 1, 0], [100, 0, 1], [100, 1, 0], [100, 0, 1], [100, 1, 0], [100, 0, 1], [100, 1,""",600,none,9,"{'full_read_wrap': 30, 'gray_read_wrap': 60, 'full_write_wrap': 30, 'gray_write_wrap': 61, 'underflow': 1, 'overflow': 181, 'full': 152, 'read_while_write': 9, 'write_while_read': 13}"
18,3,4,4598,"""The new values you just provided didn't cover any new bins. You need to try to cover as much of the described bins as you can.
You will see the result coverage of your previous response(s), and then generate another list of commands to cover the unreached bins (i.e. test cases)
Here are some of  the unreached bins:
------
UNREACHED BINS
the FIFO is empty.
------
Please regenerate commands for the still unreached bins according to the BINS DESCRIPTION.""",3998,"""[[100, 1, 0], [100, 0, 1], [100, 1, 0], [100, 0, 1], [100, 1, 0], [100, 0, 1], [100, 1, 0], [100, 0, 1], [100, 1, 0], [100, 0, 1], [100, 1, 0], [100, 0, 1], [100, 1, 0], [100, 0, 1], [100, 1, 0], [100, 0, 1], [100, 1, 0], [100, 0, 1], [100, 1, 0], [100, 0, 1], [100, 1, 0], [100, 0, 1], [100, 1, 0], [100, 0, 1], [100, 1, 0], [100, 0, 1], [100, 1, 0], [100, 0, 1], [100, 1, 0], [100, 0, 1], [100, 1, 0], [100, 0, 1], [100, 1, 0], [100, 0, 1], [100, 1, 0], [100, 0, 1], [100, 1, 0], [100, 0, 1], [100, 1, 0], [100, 0, 1], [100, 1, 0], [100, 0, 1], [100, 1, 0], [100, 0, 1], [100, 1, 0], [100, 0, 1], [100, 1, 0], [100, 0, 1], [100, 1, 0], [100, 0, 1], [100, 1, 0], [100, 0, 1], [100, 1, 0], [100, 0, 1], [100, 1, 0], [100, 0, 1], [100, 1, 0], [100, 0, 1], [100, 1, 0], [100, 0, 1], [100, 1, 0], [100, 0, 1], [100, 1, 0], [100, 0, 1], [100, 1, 0], [100, 0, 1], [100, 1,""",600,none,9,"{'full_read_wrap': 38, 'gray_read_wrap': 77, 'full_write_wrap': 38, 'gray_write_wrap': 77, 'underflow': 1, 'overflow': 219, 'full': 182, 'read_while_write': 9, 'write_while_read': 13}"
19,3,5,5306,"""The new values you just provided didn't cover any new bins. You need to try to cover as much of the described bins as you can.
You will see the result coverage of your previous response(s), and then generate another list of commands to cover the unreached bins (i.e. test cases)
Here are some of  the unreached bins:
------
UNREACHED BINS
the FIFO is empty.
------
Please regenerate commands for the still unreached bins according to the BINS DESCRIPTION.""",4706,"""[[100, 1, 0], [100, 0, 1], [100, 1, 0], [100, 0, 1], [100, 1, 0], [100, 0, 1], [100, 1, 0], [100, 0, 1], [100, 1, 0], [100, 0, 1], [100, 1, 0], [100, 0, 1], [100, 1, 0], [100, 0, 1], [100, 1, 0], [100, 0, 1], [100, 1, 0], [100, 0, 1], [100, 1, 0], [100, 0, 1], [100, 1, 0], [100, 0, 1], [100, 1, 0], [100, 0, 1], [100, 1, 0], [100, 0, 1], [100, 1, 0], [100, 0, 1], [100, 1, 0], [100, 0, 1], [100, 1, 0], [100, 0, 1], [100, 1, 0], [100, 0, 1], [100, 1, 0], [100, 0, 1], [100, 1, 0], [100, 0, 1], [100, 1, 0], [100, 0, 1], [100, 1, 0], [100, 0, 1], [100, 1, 0], [100, 0, 1], [100, 1, 0], [100, 0, 1], [100, 1, 0], [100, 0, 1], [100, 1, 0], [100, 0, 1], [100, 1, 0], [100, 0, 1], [100, 1, 0], [100, 0, 1], [100, 1, 0], [100, 0, 1], [100, 1, 0], [100, 0, 1], [100, 1, 0], [100, 0, 1], [100, 1, 0], [100, 0, 1], [100, 1, 0], [100, 0, 1], [100, 1, 0], [100, 0, 1], [100, 1,""",600,done,10,"{'full_read_wrap': 38, 'gray_read_wrap': 77, 'full_write_wrap': 39, 'gray_write_wrap': 78, 'underflow': 1, 'overflow': 219, 'full': 182, 'empty': 1, 'read_while_write': 9, 'write_while_read': 13}"
